{"cameraMode":{"drawMode":0,"name":"Shaded","section":"Shading Mode"},"sceneLighting":true,"audioPlay":false,"sceneViewState":{"m_AlwaysRefresh":false,"showFog":true,"showSkybox":true,"showFlares":true,"showImageEffects":true,"showParticleSystems":true,"showVisualEffectGraphs":true,"m_FxEnabled":true},"in2DMode":false,"pivot":{"x":6.180041313171387,"y":3.899923086166382,"z":-2.0903522968292238},"rotation":{"x":0.036010485142469409,"y":0.9616481065750122,"z":-0.15506581962108613,"w":0.22338049113750459},"size":10.39493179321289,"orthographic":true}